p,mean p omega,u,deg
0.0525,0.0670,9.5285,3.0000
0.0685,0.0639,10.2042,6.0000
0.0757,0.0404,9.8340,4.0000
0.0939,0.0806,10.0870,4.0000
0.0765,0.0956,10.3402,6.0000
0.1408,0.0692,9.5269,4.0000
0.0159,0.0633,10.2244,5.0000
0.0159,0.0225,10.2655,7.0000
0.0159,0.0159,10.2815,1.0000
0.0206,0.0298,9.4199,4.0000
0.0211,0.0106,9.2161,3.0000
0.0157,0.0606,10.4308,1.0000
0.0525,0.0274,10.2077,5.0000
0.0685,0.0542,9.7255,5.0000
0.0337,0.0337,9.9344,2.0000
0.0337,0.0204,10.0000,3.0000
0.0031,0.0278,9.8999,4.0000
0.0936,0.0319,10.0000,2.0000
0.0301,0.0730,10.0332,6.0000
0.0936,0.0699,10.0124,4.0000
0.0269,0.0578,9.6437,4.0000
0.0269,0.0371,10.5605,5.0000
0.0211,0.0373,9.2955,5.0000
0.1078,0.0351,9.2836,5.0000
0.0265,0.0474,10.5819,8.0000
0.0357,0.0253,10.0000,4.0000
0.0035,0.0490,9.8927,3.0000
0.0173,0.0186,9.9706,3.0000
0.0029,0.0584,9.2451,5.0000
0.0924,0.0500,10.0434,3.0000
0.0014,0.0394,10.1926,3.0000
0.1044,0.0527,9.5008,6.0000
0.1005,0.0321,10.5530,4.0000
0.1325,0.0540,9.9542,5.0000
0.0505,0.1013,9.8241,6.0000
0.0985,0.0447,9.6253,4.0000
0.0120,0.0036,10.5894,4.0000
0.0998,0.0769,9.6599,7.0000
0.0950,0.1203,10.0000,4.0000
0.0950,0.1162,10.5335,3.0000
0.1585,0.0762,9.8973,5.0000
0.0269,0.0628,9.8668,5.0000
0.0053,0.0409,10.5238,6.0000
0.0939,0.0939,9.8582,3.0000
0.0939,0.0801,9.6910,3.0000
0.0588,0.0372,10.6521,5.0000
0.0032,0.0117,10.0847,3.0000
0.0159,0.0117,9.9577,3.0000
0.0014,0.0205,9.9927,3.0000
0.0342,0.0192,10.3728,3.0000
0.0107,0.0259,10.0264,3.0000
0.0357,0.0565,10.6302,4.0000
0.0337,0.0509,9.7169,4.0000
0.0337,0.0514,10.9402,4.0000
0.0337,0.0337,10.1312,3.0000
0.0244,0.0464,10.5988,4.0000
0.0244,0.0485,10.1637,5.0000
0.0337,0.0429,10.0292,4.0000
0.0337,0.0686,9.0317,4.0000
0.1768,0.0445,10.1720,4.0000
0.0172,0.0518,10.4095,7.0000
0.0172,0.0186,9.9144,4.0000
0.0172,0.0583,10.0324,3.0000
0.1078,0.0444,10.5189,4.0000
0.0357,0.0613,9.5473,4.0000
0.0939,0.0219,10.4935,6.0000
0.0357,0.0220,10.0000,3.0000
0.0357,0.0311,10.0816,4.0000
0.0357,0.0607,10.4109,6.0000
0.0547,0.0400,9.9953,7.0000
0.0107,0.0493,8.9373,3.0000
0.0824,0.0112,10.6304,3.0000
0.0107,0.0392,9.3283,3.0000
0.0244,0.0362,10.2282,5.0000
0.0579,0.0450,10.1300,4.0000
0.0191,0.0967,10.7588,2.0000
0.0950,0.0664,9.6004,4.0000
0.0950,0.0732,10.0000,3.0000
0.0950,0.0932,10.1587,4.0000
0.1585,0.1267,9.7544,4.0000
0.1124,0.0773,9.1685,6.0000
0.0939,0.0491,10.1383,5.0000
0.0254,0.0759,9.6700,6.0000
0.0939,0.0688,10.2494,4.0000
0.0939,0.0562,10.3764,2.0000
0.0186,0.0444,10.3809,3.0000
0.0186,0.0562,10.2509,2.0000
0.0120,0.0390,10.5023,2.0000
0.0342,0.0342,9.8892,1.0000
0.0342,0.0281,10.4296,5.0000
0.1332,0.0781,9.3653,5.0000
0.1332,0.0720,9.5577,5.0000
0.0559,0.0893,10.3534,4.0000
0.0337,0.0445,9.8518,4.0000
0.0337,0.0323,10.0039,5.0000
0.0337,0.0337,10.0000,2.0000
0.0337,0.0599,9.9055,3.0000
0.0337,0.0367,10.5476,4.0000
0.0337,0.0337,10.9537,3.0000
0.0337,0.0733,8.7317,4.0000
0.0172,0.0227,10.3989,3.0000
0.1648,0.0489,10.3219,5.0000
0.0500,0.0172,10.0548,5.0000
0.0172,0.0480,10.0000,4.0000
0.0172,0.0264,10.1209,4.0000
0.0357,0.0345,10.3984,5.0000
0.0269,0.0335,9.9319,4.0000
0.0357,0.0521,10.0747,5.0000
0.0658,0.0677,9.9513,5.0000
0.1378,0.0618,9.6171,6.0000
0.0107,0.0635,10.5217,5.0000
0.0122,0.0286,10.0000,4.0000
0.0107,0.0151,10.5157,4.0000
0.0267,0.0422,8.9365,4.0000
0.0249,0.0390,9.8906,4.0000
0.0871,0.0473,10.4754,6.0000
0.1103,0.0442,9.3296,6.0000
0.0249,0.0644,9.7949,6.0000
0.0244,0.0757,10.2278,4.0000
0.1585,0.1234,9.5966,3.0000
0.0254,0.1022,10.0832,3.0000
0.0939,0.0425,9.6579,4.0000
0.0254,0.0604,10.7876,4.0000
0.1012,0.0598,9.3526,4.0000
0.1012,0.0936,9.8139,4.0000
0.0036,0.0548,10.3227,3.0000
0.0036,0.0166,9.9088,4.0000
0.0659,0.0390,10.1510,2.0000
0.0036,0.0095,10.2783,4.0000
0.0342,0.0346,10.3169,4.0000
0.0342,0.0570,10.0103,2.0000
0.0559,0.0591,10.0000,3.0000
0.0655,0.0552,10.2198,5.0000
0.0559,0.0472,9.9444,4.0000
0.0337,0.0332,10.2006,4.0000
0.0176,0.0058,10.2439,4.0000
0.1124,0.0360,10.4965,5.0000
0.0458,0.0613,8.7727,4.0000
0.0244,0.0304,9.9909,4.0000
0.0172,0.0136,10.4527,4.0000
0.0172,0.0301,10.0904,5.0000
0.0402,0.0380,10.0307,4.0000
0.0172,0.0591,10.0000,4.0000
0.0172,0.0172,10.0000,3.0000
0.0172,0.0358,10.3420,5.0000
0.0172,0.0755,8.5878,3.0000
0.0588,0.0267,10.2927,4.0000
0.0211,0.0308,10.7958,3.0000
0.0211,0.0170,9.9961,4.0000
0.0211,0.0722,10.1785,5.0000
0.0986,0.0190,9.9480,5.0000
0.0036,0.0627,10.3880,4.0000
0.0107,0.0397,10.3533,4.0000
0.1576,0.0313,10.0936,3.0000
0.0249,0.0246,10.0695,2.0000
0.0244,0.0369,10.0956,4.0000
0.0545,0.0516,10.3662,4.0000
0.0249,0.0266,10.4288,5.0000
0.1872,0.0824,9.3634,4.0000
0.1872,0.1279,9.5619,5.0000
0.0254,0.0283,10.1711,4.0000
0.0254,0.0425,10.3770,4.0000
0.0765,0.0862,9.1937,3.0000
0.0186,0.0697,10.1541,4.0000
0.0593,0.0355,10.5368,4.0000
0.0036,0.0491,10.1784,6.0000
0.0186,0.0348,10.3486,4.0000
0.0659,0.0501,9.6130,3.0000
0.0824,0.0440,10.0702,3.0000
0.0357,0.0269,9.9542,3.0000
0.0588,0.0383,10.1867,7.0000
0.0559,0.0569,9.8659,3.0000
0.0559,0.0591,10.0000,3.0000
0.0559,0.0365,9.8062,4.0000
0.0176,0.0300,10.1089,5.0000
0.0176,0.0176,10.0000,3.0000
0.0176,0.0476,10.3493,6.0000
0.0939,0.0508,10.4173,4.0000
0.0939,0.0562,9.5889,2.0000
0.1122,0.0528,10.0533,3.0000
0.0172,0.0184,10.4409,3.0000
0.0208,0.0651,9.9497,5.0000
0.0172,0.0184,10.5981,3.0000
0.0029,0.0702,8.7846,3.0000
0.0505,0.0630,9.7803,5.0000
0.1736,0.0693,10.1232,3.0000
0.1736,0.1276,10.3847,3.0000
0.0357,0.0592,7.8924,4.0000
0.0211,0.0240,10.8090,5.0000
0.0211,0.0211,10.2898,4.0000
0.0211,0.0537,10.2618,5.0000
0.0274,0.0199,9.4281,3.0000
0.0107,0.0537,9.5290,4.0000
0.0249,0.0882,9.3879,5.0000
0.0279,0.0394,10.5400,7.0000
0.0249,0.0230,10.0000,3.0000
0.0249,0.0249,10.0000,2.0000
0.0249,0.0655,10.6533,4.0000
0.1872,0.0130,9.1881,3.0000
0.1604,0.1034,10.4494,3.0000
0.0254,0.0333,10.6694,4.0000
0.0254,0.0254,10.0000,3.0000
0.0186,0.0254,9.9657,2.0000
0.0254,0.0209,10.3772,3.0000
0.0186,0.0699,8.8872,3.0000
0.1249,0.0257,10.7217,5.0000
0.0659,0.0688,9.6888,4.0000
0.0659,0.0636,10.3415,4.0000
0.0004,0.0658,10.7907,4.0000
0.0547,0.0345,9.8878,4.0000
0.0036,0.0301,10.2999,2.0000
0.0588,0.0265,10.3183,4.0000
0.0186,0.0411,9.7590,7.0000
0.0167,0.0438,10.1335,3.0000
0.0254,0.0176,10.0000,3.0000
0.0176,0.0215,10.0000,2.0000
0.0176,0.0404,9.5078,8.0000
0.0458,0.0713,10.2428,4.0000
0.0939,0.0700,9.9352,2.0000
0.0591,0.0683,9.9132,3.0000
0.0172,0.0750,9.8908,6.0000
0.1702,0.0299,10.3985,6.0000
0.0172,0.0424,8.6879,3.0000
0.0172,0.0395,10.8701,4.0000
0.0172,0.0440,11.2178,4.0000
0.0172,0.1345,9.3817,4.0000
0.1736,0.0626,9.3037,5.0000
0.0211,0.0782,10.5891,4.0000
0.0211,0.0211,10.4438,4.0000
0.0211,0.0211,8.8410,5.0000
0.0211,0.0211,10.5795,2.0000
0.0365,0.0284,9.6470,4.0000
0.0320,0.0218,10.0632,3.0000
0.1520,0.0273,10.0000,2.0000
0.0296,0.0518,9.0468,5.0000
0.0249,0.0335,10.4986,5.0000
0.0249,0.0249,9.9413,4.0000
0.0249,0.0190,10.1861,4.0000
0.0267,0.0148,9.9992,2.0000
0.0616,0.0748,9.2787,4.0000
0.0208,0.0561,9.1689,5.0000
0.0265,0.0414,9.3912,4.0000
0.0254,0.0156,9.9657,3.0000
0.0254,0.0294,9.9991,5.0000
0.0505,0.0140,10.0943,5.0000
0.0036,0.0726,9.9039,4.0000
0.0659,0.0659,10.3362,3.0000
0.0659,0.0962,9.3170,4.0000
0.0505,0.0666,8.6862,5.0000
0.0157,0.0529,10.6632,3.0000
0.0679,0.0248,10.0488,4.0000
0.0279,0.0527,9.8022,5.0000
0.0606,0.0403,9.8263,4.0000
0.0588,0.0281,10.0961,4.0000
0.0176,0.0259,10.0000,4.0000
0.0036,0.0233,10.3717,5.0000
0.0476,0.0317,9.9121,3.0000
0.0458,0.0451,10.3748,5.0000
0.0809,0.0786,9.8902,4.0000
0.0939,0.0918,10.4858,6.0000
0.0827,0.0691,8.6565,5.0000
0.0927,0.0877,10.5957,2.0000
0.0927,0.0456,10.2039,3.0000
0.0927,0.0469,9.7452,4.0000
0.0827,0.1205,9.6505,5.0000
0.1736,0.0748,10.2496,6.0000
0.0827,0.1156,10.2273,5.0000
0.0827,0.0519,9.9408,4.0000
0.0211,0.0416,10.1540,3.0000
0.0211,0.0358,10.4165,5.0000
0.0035,0.0218,10.4284,5.0000
0.0211,0.0211,10.0000,1.0000
0.0211,0.0211,10.4465,2.0000
0.1520,0.0144,10.3517,4.0000
0.0249,0.0232,10.8762,4.0000
0.0249,0.0214,9.1600,4.0000
0.0249,0.0249,10.3455,3.0000
0.0249,0.0406,10.2516,5.0000
0.0790,0.0410,9.8037,4.0000
0.0053,0.0388,10.2146,6.0000
0.0655,0.0278,10.2217,5.0000
0.0036,0.0319,10.9489,3.0000
0.0269,0.0290,10.2877,6.0000
0.0269,0.0392,9.8367,4.0000
0.0301,0.0514,10.3258,4.0000
0.0301,0.0282,9.8912,4.0000
0.0659,0.0487,10.6610,4.0000
0.0029,0.0654,10.4569,4.0000
0.0404,0.0281,9.9761,3.0000
0.0404,0.0619,10.1320,4.0000
0.0157,0.0387,10.2420,6.0000
0.0157,0.0152,10.2919,4.0000
0.0647,0.0442,10.1260,4.0000
0.0176,0.0495,10.2157,4.0000
0.0157,0.0176,10.1370,3.0000
0.0476,0.0458,9.8497,1.0000
0.0458,0.0447,10.0739,5.0000
0.0458,0.0517,9.7106,6.0000
0.0809,0.0573,9.9298,5.0000
0.0511,0.0699,9.8034,4.0000
0.0591,0.0485,10.4242,3.0000
0.0173,0.0624,10.0502,4.0000
0.0176,0.0468,10.3123,7.0000
0.0320,0.0383,10.0494,7.0000
0.0827,0.0511,9.9348,4.0000
0.0827,0.0851,9.9694,6.0000
0.0827,0.0697,10.3044,4.0000
0.0827,0.1225,9.4668,3.0000
0.0208,0.0560,10.3217,4.0000
0.0211,0.0105,10.3009,2.0000
0.0000,0.0185,9.4995,4.0000
0.0036,0.0139,9.4097,5.0000
0.0211,0.0415,9.7817,4.0000
0.1103,0.0675,9.6292,5.0000
0.0249,0.0772,9.7151,3.0000
0.0110,0.0373,10.5246,5.0000
0.0249,0.0718,9.8073,4.0000
0.0500,0.0513,9.7919,3.0000
0.0790,0.0602,10.0112,3.0000
0.0517,0.0782,9.8544,5.0000
0.0517,0.0657,8.8916,4.0000
0.0547,0.0233,9.5168,4.0000
0.0036,0.0648,9.0335,3.0000
0.0457,0.0712,9.0110,5.0000
0.1185,0.0962,9.5149,3.0000
0.1078,0.1188,9.6675,4.0000
0.0301,0.0462,10.0000,2.0000
0.0827,0.0754,10.0107,5.0000
0.0404,0.1064,10.0000,4.0000
0.1759,0.0404,10.3694,3.0000
0.0588,0.0449,10.0001,3.0000
0.0014,0.0630,9.8568,2.0000
0.1004,0.0383,10.4528,5.0000
0.0832,0.0556,9.6624,2.0000
0.0643,0.0361,10.2922,3.0000
0.0269,0.0367,10.3802,6.0000
0.0545,0.0392,10.0264,4.0000
0.0458,0.0568,10.0877,4.0000
0.0809,0.0480,10.1170,3.0000
0.0458,0.0335,10.0039,3.0000
0.0119,0.0591,10.6750,1.0000
0.0265,0.0584,10.1409,4.0000
0.0403,0.0246,9.9374,3.0000
0.0119,0.0281,9.9052,3.0000
0.0643,0.0881,10.2510,4.0000
0.0036,0.0292,10.2747,7.0000
0.0827,0.0827,10.0000,1.0000
0.0655,0.0397,9.9113,5.0000
0.0211,0.0208,9.6920,1.0000
0.0172,0.0709,10.4811,3.0000
0.0806,0.0590,9.7011,4.0000
0.0308,0.0462,10.6439,5.0000
0.0308,0.0325,9.7285,3.0000
0.0710,0.0610,10.0376,5.0000
0.1103,0.0577,9.6746,4.0000
0.1103,0.0668,9.9625,3.0000
0.1562,0.1022,9.8394,6.0000
0.0790,0.0249,10.0000,1.0000
0.0296,0.0799,9.7769,4.0000
0.0824,0.0564,10.5902,5.0000
0.0871,0.0600,9.9142,4.0000
0.0133,0.0750,9.7226,5.0000
0.0929,0.1145,10.1813,4.0000
0.1185,0.1140,9.6709,3.0000
0.1507,0.1101,10.0559,5.0000
0.0301,0.1556,11.0931,2.0000
0.0867,0.0929,9.8603,5.0000
0.0404,0.0404,9.3997,1.0000
0.0404,0.0404,10.6303,4.0000
0.0404,0.0939,8.9448,4.0000
0.0588,0.0487,9.9559,5.0000
0.0172,0.0522,10.0943,4.0000
0.0500,0.0626,10.0000,4.0000
0.0832,0.0633,10.0529,3.0000
0.0269,0.0561,9.8676,4.0000
0.0269,0.0332,9.9999,3.0000
0.0458,0.0351,10.0218,4.0000
0.0458,0.0350,10.0000,3.0000
0.0338,0.0461,10.4247,5.0000
0.0133,0.0189,10.4341,3.0000
0.0119,0.0119,10.0000,1.0000
0.0119,0.0195,10.0000,2.0000
0.0119,0.0445,10.5507,5.0000
0.0119,0.0119,10.1422,2.0000
0.0505,0.0304,9.3832,5.0000
0.0036,0.0192,10.1556,4.0000
0.0036,0.0261,10.2557,3.0000
0.0710,0.0724,9.8306,4.0000
0.1378,0.1162,10.4521,4.0000
0.1850,0.0981,9.8956,4.0000
0.0524,0.0804,8.9985,3.0000
0.0939,0.0109,10.9451,3.0000
0.0173,0.0541,9.9842,5.0000
0.1648,0.1103,9.1931,3.0000
0.1648,0.0937,11.2472,4.0000
0.0035,0.1162,9.2039,5.0000
0.1162,0.0615,10.0188,3.0000
0.0249,0.0778,9.9358,5.0000
0.1408,0.0674,9.4067,7.0000
0.0806,0.0835,10.0808,5.0000
0.1103,0.0466,11.0407,5.0000
0.1007,0.0827,9.5240,4.0000
0.0254,0.0426,9.6127,4.0000
0.1648,0.1196,10.2798,4.0000
0.1648,0.1591,9.9169,4.0000
0.1604,0.1529,9.5656,3.0000
0.2639,0.1071,10.0968,4.0000
0.0208,0.1064,9.7076,5.0000
0.0404,0.0594,10.4854,3.0000
0.1004,0.0723,10.0838,4.0000
0.1004,0.0622,10.1822,5.0000
0.0500,0.0672,10.0000,6.0000
0.0500,0.0500,10.2380,4.0000
0.0500,0.0438,9.9250,4.0000
0.0500,0.0442,10.1292,4.0000
0.0500,0.0515,9.9413,4.0000
0.0133,0.0295,10.3255,2.0000
0.0133,0.0513,9.7559,4.0000
0.1328,0.0158,10.5071,3.0000
0.0133,0.0532,9.9934,4.0000
0.0119,0.0126,10.0069,2.0000
0.0457,0.0671,9.6330,4.0000
0.0119,0.0200,10.5575,3.0000
0.0363,0.0251,8.8560,5.0000
0.0659,0.0512,10.5740,3.0000
0.0659,0.0548,9.3775,3.0000
0.0950,0.0648,10.6655,4.0000
0.0827,0.0975,10.1909,4.0000
0.1185,0.0904,8.4229,3.0000
0.1850,0.1456,9.3127,5.0000
0.0548,0.0707,10.7409,8.0000
0.0524,0.0733,9.2391,4.0000
0.0625,0.0599,10.4517,5.0000
0.0457,0.0393,10.3408,3.0000
0.1436,0.1168,9.4017,4.0000
0.1378,0.0882,9.8402,6.0000
0.1145,0.0763,10.9956,4.0000
0.0898,0.0446,9.8600,3.0000
0.0898,0.0733,10.3529,4.0000
0.0898,0.0733,10.0593,5.0000
0.1007,0.0825,9.9600,3.0000
0.0887,0.0882,9.8893,4.0000
0.0036,0.0036,10.8782,3.0000
0.0036,0.0675,8.0028,3.0000
0.1604,0.1648,9.9781,2.0000
0.0588,0.0542,8.1100,5.0000
0.1604,0.1292,9.1967,6.0000
0.1604,0.0777,9.9066,4.0000
0.0500,0.0928,10.0217,4.0000
0.1083,0.1004,9.7480,2.0000
0.1004,0.0980,10.1234,5.0000
0.0815,0.0548,10.4439,5.0000
0.0500,0.0658,9.0481,4.0000
0.0500,0.0704,10.4418,4.0000
0.0308,0.0341,10.0070,6.0000
0.0357,0.0678,9.1912,4.0000
0.0308,0.0363,9.7651,4.0000
0.0133,0.0133,10.1627,2.0000
0.0208,0.0413,9.1641,5.0000
0.0133,0.0435,10.6572,3.0000
0.0500,0.0160,9.8482,4.0000
0.0403,0.0119,8.6914,1.0000
0.0119,0.0346,10.4286,5.0000
0.0403,0.0241,9.3859,3.0000
0.0569,0.0451,10.2447,4.0000
0.0191,0.0145,10.0973,6.0000
0.0108,0.0521,9.4024,3.0000
0.1269,0.0649,10.3748,5.0000
0.0036,0.1024,10.0897,3.0000
0.1850,0.0733,10.2959,5.0000
0.0524,0.0745,8.7908,4.0000
0.0551,0.0538,11.0623,2.0000
0.0551,0.0474,9.4518,3.0000
0.0244,0.0623,9.4865,4.0000
0.1378,0.0804,10.0000,4.0000
0.1378,0.1378,9.8782,5.0000
0.1378,0.0982,9.3848,4.0000
0.1231,0.0651,8.8572,5.0000
0.0887,0.0630,9.1013,3.0000
0.0887,0.0725,10.0967,4.0000
0.0701,0.0643,9.8320,5.0000
0.1007,0.0534,10.1199,3.0000
0.0014,0.0744,9.6935,5.0000
0.0172,0.0857,9.0097,5.0000
0.1648,0.1374,10.0000,4.0000
0.1648,0.1111,10.0000,3.0000
0.0036,0.1039,9.6319,4.0000
0.0797,0.0903,10.4663,4.0000
0.0797,0.0685,9.7733,6.0000
0.0847,0.0527,9.8888,4.0000
0.0954,0.0623,10.4171,5.0000
0.0049,0.0850,9.6507,4.0000
0.0815,0.0455,10.3380,3.0000
0.0815,0.0710,9.6848,3.0000
0.0815,0.0752,9.9057,3.0000
0.0133,0.0207,10.3273,3.0000
0.0133,0.0113,10.0000,3.0000
0.0133,0.0226,10.0000,4.0000
0.0208,0.0741,9.1477,4.0000
0.0966,0.0473,9.9113,4.0000
0.0588,0.0611,10.5857,3.0000
0.0279,0.0726,10.5357,5.0000
0.0403,0.0140,9.2207,3.0000
0.0035,0.0286,10.2102,4.0000
0.0108,0.0472,9.3368,4.0000
0.0270,0.0725,9.5274,2.0000
0.0108,0.0467,11.1822,3.0000
0.1185,0.0725,7.7631,4.0000
0.0338,0.0819,11.1500,3.0000
0.0936,0.0639,10.3301,4.0000
0.0032,0.0576,10.1885,3.0000
0.0338,0.0363,9.4573,4.0000
0.0176,0.0237,10.0620,3.0000
0.0108,0.0434,10.6222,5.0000
0.0159,0.0570,9.8334,3.0000
0.1378,0.1057,9.6988,4.0000
0.1378,0.0775,10.0606,6.0000
0.0593,0.0407,9.0172,4.0000
0.0107,0.0423,10.8155,4.0000
0.0107,0.0433,9.9332,4.0000
0.0593,0.0691,9.8890,5.0000
0.1520,0.0350,9.6980,3.0000
0.1007,0.0356,9.5937,4.0000
0.0053,0.0093,10.0689,3.0000
0.1648,0.1648,10.0000,4.0000
0.1648,0.1134,9.4627,3.0000
0.0107,0.0540,11.0673,4.0000
0.1850,0.0840,8.8411,3.0000
0.0892,0.1111,10.2548,3.0000
0.0913,0.0739,9.9453,7.0000
0.0815,0.0818,10.1764,5.0000
0.0815,0.0689,9.9465,5.0000
0.0443,0.0643,10.1943,4.0000
0.0073,0.1338,9.9509,2.0000
0.0659,0.0357,10.0236,4.0000
0.0133,0.0118,10.0273,4.0000
0.0073,0.0151,9.9704,5.0000
0.0133,0.0197,9.9704,4.0000
0.1525,0.0350,10.6710,6.0000
0.0966,0.0658,10.2246,4.0000
0.0457,0.1135,8.7334,5.0000
0.2073,0.0284,10.3901,5.0000
0.0265,0.0486,10.3339,6.0000
0.0035,0.0242,10.2412,4.0000
0.1059,0.0425,10.8031,5.0000
0.0108,0.0764,9.5102,3.0000
0.0108,0.0108,10.6326,4.0000
0.1185,0.1299,10.6603,3.0000
0.0338,0.0434,9.3074,4.0000
0.1185,0.0510,10.2921,4.0000
0.0859,0.0794,10.1739,3.0000
0.0338,0.0528,10.2460,5.0000
0.0338,0.0483,10.0730,3.0000
0.0939,0.0462,10.3063,3.0000
0.0173,0.0749,9.5248,3.0000
0.1282,0.0579,10.9177,4.0000
0.0593,0.0638,9.3381,6.0000
0.0036,0.0357,11.0537,4.0000
0.0107,0.0119,10.1679,8.0000
0.0036,0.0301,10.7247,5.0000
0.0593,0.0786,10.0340,5.0000
0.0593,0.0311,9.7930,2.0000
0.0924,0.1378,10.0000,1.0000
0.0108,0.0897,10.2200,3.0000
0.1648,0.0686,9.6843,3.0000
0.0265,0.0611,6.5351,6.0000
0.0265,0.0371,11.0369,5.0000
0.0950,0.0802,9.2674,3.0000
0.1622,0.0744,9.5204,3.0000
0.0815,0.1117,10.2037,3.0000
0.0815,0.0602,9.7216,3.0000
0.0244,0.0458,9.6425,3.0000
0.1527,0.1772,10.4191,2.0000
0.2017,0.0728,10.3144,4.0000
0.0269,NaN,10.0000,0.0000
0.0133,0.0247,10.0154,5.0000
0.0014,0.0167,10.0904,6.0000
0.0449,0.0364,10.2397,6.0000
0.0966,0.0493,10.1081,5.0000
0.0966,0.0655,9.9489,3.0000
0.0035,0.0553,9.4333,4.0000
0.0032,0.0694,10.6524,5.0000
0.0032,0.0149,9.8251,4.0000
0.0631,0.0538,9.5803,5.0000
0.0036,0.0376,10.3436,3.0000
0.1059,0.0130,9.4721,6.0000
0.0108,0.0367,10.1164,4.0000
0.0269,0.0133,10.3343,4.0000
0.0108,0.0238,9.2823,3.0000
0.0210,0.0782,9.4618,5.0000
0.0859,0.0702,9.9049,5.0000
0.0859,0.0346,9.8261,4.0000
0.0173,0.0443,9.5675,4.0000
0.0107,0.0121,10.3047,4.0000
0.0211,0.0498,10.6229,6.0000
0.0173,0.0890,10.2686,2.0000
0.0659,0.0346,10.9262,5.0000
0.0134,0.0387,7.0602,5.0000
0.0317,0.0182,10.9689,4.0000
0.0593,0.0084,10.1319,3.0000
0.1609,0.0029,10.7808,3.0000
0.0029,0.0921,9.4649,5.0000
0.1007,0.0636,9.8214,5.0000
0.1007,0.0557,10.2014,6.0000
0.0301,0.0850,9.2281,4.0000
0.0195,0.0289,10.4134,3.0000
0.0265,0.0353,10.4655,6.0000
0.0265,0.0135,10.0016,2.0000
0.0525,0.0711,9.3309,4.0000
0.0517,0.0315,10.6260,4.0000
0.0815,0.0693,10.2666,5.0000
0.0320,0.0812,10.0540,5.0000
0.1527,0.0750,9.6063,5.0000
0.0269,0.1271,9.1617,3.0000
0.0308,0.0490,9.0091,4.0000
0.0014,0.0125,10.1056,4.0000
0.0014,0.0018,10.0323,5.0000
0.0014,0.0326,10.3858,4.0000
0.0827,0.0672,9.6999,5.0000
0.0186,0.0688,10.8884,3.0000
0.0757,0.0023,10.7794,3.0000
0.0000,0.0180,9.9778,4.0000
0.0032,0.0020,10.0618,4.0000
0.0032,0.0271,10.2807,5.0000
0.0032,0.0032,10.2363,4.0000
0.0032,0.0284,10.4200,4.0000
0.0032,0.0153,9.9281,4.0000
0.0208,0.0498,9.9789,5.0000
0.0108,0.0203,10.2787,5.0000
0.0014,0.0811,9.6307,3.0000
0.1122,0.0495,9.7494,4.0000
0.0957,0.0205,10.5174,5.0000
0.0173,0.0173,10.2288,3.0000
0.0173,0.0680,10.3380,2.0000
0.1187,0.0173,8.9861,2.0000
0.0498,0.0339,9.7503,3.0000
0.0134,0.0430,9.8412,3.0000
0.0134,0.0452,11.5590,3.0000
0.0053,0.0551,9.0178,6.0000
0.0029,0.0742,8.7376,4.0000
0.0029,0.0744,10.1881,3.0000
0.0827,0.0536,9.7423,4.0000
0.1007,0.0417,10.0182,4.0000
0.0890,0.0695,9.3310,5.0000
0.0548,0.0422,10.2970,4.0000
0.0301,0.0310,10.1150,4.0000
0.0301,0.0221,10.1143,4.0000
0.0159,0.0204,9.9822,2.0000
0.0369,0.0634,9.1876,4.0000
0.0053,0.0024,10.0093,2.0000
0.0927,0.0827,9.2130,6.0000
0.0254,0.0510,10.1298,4.0000
0.1527,0.0610,9.0836,3.0000
0.0269,0.0529,10.8705,5.0000
0.0269,0.0226,9.6711,5.0000
0.0176,0.0292,9.6122,4.0000
0.0014,0.0055,10.6423,4.0000
0.0014,0.0253,9.2100,4.0000
0.0701,0.0230,10.7770,5.0000
0.0280,0.0327,10.0704,3.0000
0.0000,0.0558,9.8097,6.0000
0.0000,0.0226,10.4914,6.0000
0.0016,0.0021,9.9776,4.0000
0.0016,0.0025,10.6465,4.0000
0.0014,0.0410,8.8366,5.0000
0.0265,0.0283,10.1979,4.0000
0.0265,0.0241,10.2370,4.0000
0.0208,0.0402,10.0976,4.0000
0.0265,0.0183,10.3178,4.0000
0.0208,0.0521,9.4872,5.0000
0.0998,0.0501,10.0823,3.0000
0.0244,0.0392,9.6405,3.0000
0.0173,0.0221,10.0000,4.0000
0.0701,0.0352,10.1276,3.0000
0.0173,0.0576,10.2668,4.0000
0.1124,0.0714,10.4627,5.0000
0.0924,0.0661,10.0473,4.0000
0.1089,0.0324,9.3549,3.0000
0.0593,0.0743,9.7268,3.0000
0.0593,0.0311,10.2659,4.0000
0.0159,0.0516,10.6679,4.0000
0.0338,0.0588,9.7372,6.0000
0.1432,0.0838,9.6778,2.0000
0.1432,0.0895,9.0281,4.0000
0.0195,0.0478,10.6499,5.0000
0.0195,0.0340,10.2741,3.0000
0.0159,0.0308,9.7495,4.0000
0.0107,0.0103,10.0615,5.0000
0.0053,0.0112,10.3883,5.0000
0.0014,0.0103,10.3973,6.0000
0.0403,0.0030,10.1807,5.0000
0.0053,0.0363,10.2338,5.0000
0.0606,0.0099,9.9943,4.0000
0.0280,0.0279,9.0002,3.0000
0.0320,0.0372,10.0133,4.0000
0.0871,0.0239,10.5704,4.0000
0.0014,0.0294,9.5574,6.0000
0.0280,0.0014,10.3939,3.0000
0.0014,0.0357,9.9336,4.0000
0.0280,0.0484,10.0134,4.0000
0.1850,0.0659,11.1515,5.0000
0.0280,0.0059,9.7981,4.0000
0.0035,0.0203,10.5267,4.0000
0.0016,0.0260,8.8652,4.0000
0.0032,0.0061,10.9581,5.0000
0.0032,0.0555,9.6313,3.0000
0.0457,0.0371,9.2596,6.0000
0.1214,0.0333,10.3352,2.0000
0.0208,0.0474,9.9750,4.0000
0.0208,0.0199,10.4260,4.0000
0.0173,0.0517,9.3985,5.0000
0.0173,0.0413,10.4466,4.0000
0.0173,0.0448,10.0000,3.0000
0.0173,0.0328,9.6734,5.0000
0.0173,0.0139,10.1525,3.0000
0.1044,0.0877,7.0959,5.0000
0.0957,0.0825,10.4204,3.0000
0.0244,0.0511,10.4524,6.0000
0.0710,0.0311,10.1237,2.0000
0.0593,0.0671,9.7604,3.0000
0.1056,0.0507,9.8107,3.0000
0.0667,0.1083,9.2746,3.0000
0.0685,0.0471,9.8001,4.0000
0.1916,0.0701,10.9859,3.0000
0.0195,0.0316,10.1168,3.0000
0.0559,0.0572,9.8848,7.0000
0.0631,0.0498,9.9452,4.0000
0.0545,0.0421,9.9655,3.0000
0.0545,0.0313,9.7711,4.0000
0.0053,0.0158,9.6344,4.0000
0.0053,0.0488,9.7903,5.0000
0.0409,0.0188,10.1564,5.0000
0.0053,0.0373,10.0688,3.0000
0.0249,0.0419,9.5766,5.0000
0.0107,0.0133,10.2466,2.0000
0.0107,0.0179,9.7797,4.0000
0.0107,0.0644,9.8607,5.0000
0.0107,0.0453,10.1968,6.0000
0.0167,0.0142,9.9285,4.0000
0.0369,0.0156,9.9553,2.0000
0.0032,0.0270,9.9005,4.0000
0.0032,0.0278,10.3390,5.0000
0.0790,0.0203,10.3143,4.0000
0.0357,0.0526,10.2900,4.0000
0.0032,0.0820,9.2473,4.0000
0.1176,0.0484,9.8214,5.0000
0.0208,0.0641,10.8248,6.0000
0.0280,0.0605,10.0000,6.0000
0.0208,0.0423,10.0000,4.0000
0.0208,0.0208,10.1976,3.0000
0.0208,0.0807,10.6201,7.0000
0.0998,0.0612,9.5118,5.0000
0.0998,0.0925,10.5711,5.0000
0.0806,0.0573,9.9745,4.0000
0.0254,0.0597,9.7181,4.0000
0.1187,0.1139,10.4703,3.0000
0.1187,0.0673,9.9075,5.0000
0.0014,0.0299,10.5482,5.0000
0.0029,0.0521,9.4758,4.0000
0.0402,0.0865,10.0043,2.0000
0.0029,0.0914,9.2817,5.0000
0.0667,0.0398,10.3299,4.0000
0.0861,0.0862,9.7091,4.0000
0.0279,0.0279,10.1293,1.0000
0.0195,0.0353,10.0536,6.0000
0.0667,0.0462,9.8661,3.0000
0.0631,0.0430,10.0664,6.0000
0.0643,0.0543,10.7666,4.0000
0.0545,0.0426,10.5150,3.0000
0.0020,0.0182,10.2111,5.0000
0.0053,0.0257,10.2830,5.0000
0.0053,0.0170,10.1166,3.0000
0.0186,0.0411,9.9691,5.0000
0.0107,0.0350,10.4740,5.0000
0.0159,0.0138,9.9578,5.0000
0.0159,0.0255,10.3596,3.0000
0.0107,0.0170,10.1101,3.0000
0.0296,0.0154,10.0000,4.0000
0.0685,0.0543,8.9662,5.0000
0.0032,0.0440,10.2081,4.0000
0.0369,0.0520,10.2418,4.0000
0.1007,0.0268,9.2497,3.0000
0.0369,0.0947,9.0262,2.0000
0.0815,0.0771,10.6886,4.0000
0.1214,0.0767,9.8438,5.0000
0.1352,0.0866,9.9011,3.0000
0.0208,0.0675,9.0800,5.0000
0.0208,0.0655,10.2862,5.0000
0.0998,0.0409,10.5324,5.0000
0.0208,0.0758,9.4731,4.0000
0.0998,0.0412,9.5530,6.0000
0.0998,0.0998,10.0000,4.0000
0.0998,0.0698,9.4934,4.0000
0.0234,0.0422,10.0796,3.0000
0.0279,0.0646,10.1601,3.0000
0.1187,0.0776,9.8374,4.0000
0.0957,0.0702,9.9763,6.0000
0.0211,0.0521,9.2975,6.0000
0.0957,0.0074,10.6189,4.0000
0.0308,0.0859,10.0000,2.0000
0.0029,0.0029,10.7482,2.0000
0.0167,0.0599,10.4646,4.0000
0.0279,0.0279,10.1293,2.0000
0.0279,0.0390,10.0000,4.0000
0.0279,0.0279,10.0000,2.0000
0.0342,0.0335,10.0408,4.0000
0.0320,0.0990,9.6919,4.0000
0.0631,0.0401,10.2316,4.0000
0.0320,0.0293,9.9335,4.0000
0.0053,0.0347,10.3781,5.0000
0.0301,0.0273,10.3032,5.0000
0.0403,0.0187,9.7835,2.0000
0.1103,0.0790,10.2811,3.0000
0.0107,0.0499,8.8933,3.0000
0.0159,0.0133,10.5358,4.0000
0.0934,0.0166,10.1975,5.0000
0.0107,0.0382,10.0000,3.0000
0.0107,0.0154,10.3345,4.0000
0.0107,0.1008,10.5828,3.0000
0.0280,0.0140,10.1578,3.0000
0.0643,0.0799,9.3702,2.0000
0.0279,0.0967,10.4245,4.0000
0.0191,0.0742,10.0180,5.0000
0.1145,0.0888,9.8518,5.0000
0.1145,0.1145,10.0000,2.0000
0.1078,0.1039,9.5034,4.0000
0.0254,0.0329,10.3282,6.0000
0.0254,0.0593,10.5941,5.0000
0.0815,0.0785,9.0181,6.0000
0.0167,0.0485,10.2893,5.0000
0.0517,0.0808,10.2102,5.0000
0.0998,0.0637,9.6389,4.0000
0.0517,0.0998,10.4815,2.0000
0.0971,0.0669,9.8508,3.0000
0.0517,0.0594,10.0008,3.0000
0.0683,0.0518,10.2089,6.0000
0.0517,0.0617,9.8399,5.0000
0.0029,0.0212,10.4190,5.0000
0.0029,0.0493,10.0794,2.0000
0.0029,0.0029,10.0000,3.0000
0.0569,0.0538,9.6842,5.0000
0.0167,0.0242,9.9768,3.0000
0.0279,0.0482,10.0000,5.0000
0.0279,0.0384,10.2075,5.0000
0.0279,0.0325,10.7656,4.0000
0.0403,0.0377,7.5464,4.0000
0.0547,0.0382,10.8617,5.0000
0.0320,0.0396,10.0000,3.0000
0.0320,0.0280,10.9157,4.0000
0.0320,0.0499,9.4193,5.0000
0.0901,0.0218,10.0917,3.0000
0.0320,0.0362,10.0832,2.0000
0.1103,0.1056,9.5600,3.0000
0.1231,0.0220,10.8670,5.0000
0.0107,0.0747,9.3568,7.0000
0.0517,0.0387,10.5117,3.0000
0.0191,0.0820,9.5236,4.0000
0.0107,0.0139,9.3309,2.0000
0.0403,0.0343,10.3291,3.0000
0.0280,0.0469,9.8111,2.0000
0.0606,0.0592,9.9163,5.0000
0.0525,0.0389,10.2462,2.0000
0.0369,0.0699,9.8327,3.0000
0.1145,0.0842,9.2106,4.0000
0.1145,0.0730,10.2617,7.0000
0.1145,0.0862,9.0043,3.0000
0.0797,0.0698,9.9876,6.0000
0.0815,0.0611,10.0209,6.0000
0.0545,0.0568,9.9644,6.0000
0.0517,0.0429,10.0531,4.0000
0.0545,0.0429,9.9582,4.0000
0.0517,0.0584,10.1223,4.0000
0.0403,0.0400,10.0802,3.0000
0.0517,0.0519,10.0165,4.0000
0.0819,0.0593,10.0750,4.0000
0.0517,0.0667,10.4141,7.0000
0.0957,0.0434,9.6233,3.0000
0.0267,0.0380,10.1131,4.0000
0.0267,0.0367,9.8214,3.0000
0.0029,0.0238,10.4289,2.0000
0.0409,0.0191,9.8071,3.0000
0.0279,0.0247,10.1959,5.0000
0.0279,0.0424,10.0204,4.0000
0.0269,0.0360,9.6106,4.0000
0.0279,0.0279,10.0000,3.0000
0.0280,0.0456,10.5021,7.0000
0.0320,0.0620,9.2305,4.0000
0.0320,0.0449,10.8079,6.0000
0.0159,0.0280,6.8776,4.0000
0.0320,0.0314,10.9157,4.0000
0.0320,0.0610,10.0000,2.0000
0.0338,0.0739,9.6085,5.0000
0.1231,0.0323,10.1281,3.0000
0.0107,0.0971,9.3629,4.0000
0.1231,0.0421,9.7520,4.0000
0.0121,0.0597,9.6953,4.0000
0.1445,0.0244,9.4453,1.0000
0.0172,0.0261,9.4721,4.0000
0.0658,0.0334,9.7377,3.0000
0.0658,0.0794,10.0589,4.0000
0.0710,0.0527,10.0042,3.0000
0.0053,0.0808,9.6649,4.0000
0.0710,0.0330,10.4555,6.0000
0.0710,0.0820,10.2930,5.0000
0.0710,0.0930,9.8461,6.0000
0.0265,0.0552,9.2126,5.0000
0.1176,0.0797,10.1263,3.0000
0.1007,0.0635,9.8621,4.0000
0.0172,0.0475,9.9817,5.0000
0.0457,0.0712,10.0359,3.0000
0.1713,0.0333,10.4650,7.0000
0.0269,0.0754,10.1216,4.0000
0.0167,0.0676,10.8358,3.0000
0.0819,0.0547,9.8909,4.0000
0.0819,0.0452,10.2688,5.0000
0.0280,0.0548,7.3238,3.0000
0.0167,0.0278,10.1483,3.0000
0.0267,0.0156,9.9995,3.0000
0.0029,0.0356,10.1729,8.0000
0.0265,0.0124,10.1541,4.0000
0.0029,0.0476,10.0500,5.0000
0.0210,0.0232,9.8510,4.0000
0.0210,0.0227,10.0669,4.0000
0.0500,0.0474,10.1533,3.0000
0.0279,0.0317,9.9741,4.0000
0.0279,0.0476,10.5573,5.0000
0.1332,0.0644,9.2998,3.0000
0.1332,0.0624,10.3883,5.0000
0.0591,0.0618,10.1189,4.0000
0.0457,0.0436,10.1886,4.0000
0.0545,0.0392,10.0407,4.0000
0.0525,0.0349,10.4998,5.0000
0.0525,0.0878,10.2090,2.0000
0.0191,0.0190,10.1910,4.0000
0.0643,0.0735,10.1126,5.0000
0.0517,0.0579,10.0627,4.0000
0.1005,0.0472,10.3449,4.0000
0.0172,0.0172,11.2728,2.0000
0.0172,0.0351,9.1032,4.0000
0.0402,0.0697,10.2711,5.0000
0.1558,0.0356,10.1479,2.0000
0.0053,0.0569,10.4663,4.0000
0.0053,0.0122,10.0459,2.0000
0.0710,0.0449,9.7637,6.0000
0.0710,0.0710,9.9751,3.0000
0.0998,0.0140,8.8324,2.0000
0.0815,0.0354,10.0664,3.0000
0.0547,0.0573,10.3354,6.0000
0.0342,0.0415,9.9499,3.0000
0.0032,0.0359,10.2343,5.0000
0.1488,0.0558,9.7513,3.0000
0.0517,0.0767,9.4841,4.0000
0.0186,0.0821,9.7127,2.0000
0.0035,0.0841,9.4710,3.0000
0.0308,0.0333,10.1951,4.0000
0.0308,0.0243,10.7231,5.0000
0.0280,0.0503,9.8573,3.0000
0.0172,0.0235,9.9683,3.0000
0.0267,0.0341,9.9524,5.0000
0.0029,0.0148,10.1899,4.0000
0.0210,0.0169,10.0895,4.0000
0.0409,0.0210,10.0662,3.0000
0.0210,0.0332,10.1598,4.0000
0.0500,0.0448,9.8532,6.0000
0.0210,0.0392,10.1823,4.0000
0.0244,0.0315,10.0944,7.0000
0.0244,0.0199,10.2353,3.0000
0.0861,0.0677,9.7236,6.0000
0.0320,0.0592,10.3241,6.0000
0.0525,0.0556,9.7608,4.0000
0.0545,0.0401,9.8978,3.0000
0.1355,0.0552,10.1678,3.0000
0.1759,0.0160,8.8402,3.0000
0.0269,0.0237,10.1323,6.0000
0.0643,0.0579,10.0000,3.0000
0.0547,0.0539,9.8617,5.0000
0.0249,0.0399,10.2182,5.0000
0.0108,0.0628,9.2006,3.0000
0.0172,0.0244,10.5027,5.0000
0.0658,0.0658,10.9002,1.0000
0.0658,0.0942,9.0998,3.0000
0.0611,0.0684,9.9489,4.0000
0.1520,0.0289,10.5743,4.0000
0.1078,0.0463,10.1080,3.0000
0.0710,0.0510,10.2428,4.0000
0.0939,0.0327,9.6606,4.0000
0.0342,0.0579,9.6291,2.0000
0.0342,0.0680,10.5475,4.0000
0.1124,0.0744,9.2854,2.0000
0.1124,0.1047,10.1115,3.0000
0.1124,0.1215,9.7322,4.0000
0.1124,0.0768,9.8564,4.0000
0.1124,0.0416,10.4647,4.0000
0.0815,0.0787,9.8389,4.0000
0.0212,0.0425,10.1284,4.0000
0.0308,0.0443,10.2185,7.0000
0.0403,0.0588,10.0912,6.0000
0.0172,0.0231,10.0926,6.0000
0.0279,0.0590,10.0298,6.0000
0.0029,0.0456,9.9492,7.0000
0.0210,0.0309,9.9006,2.0000
0.0296,0.0232,10.2693,7.0000
0.0210,0.0439,9.7701,5.0000
0.0559,0.0273,10.2130,3.0000
0.0176,0.0413,9.7303,5.0000
0.0108,0.0176,10.1551,5.0000
0.0108,0.0387,10.4450,2.0000
0.0667,0.0505,9.6331,5.0000
0.0525,0.0697,9.7186,4.0000
0.0901,0.0394,9.9822,3.0000
0.0133,0.0625,9.9996,5.0000
0.0701,0.0726,9.3702,6.0000
0.0121,0.0751,11.0125,4.0000
0.0827,0.0382,9.8871,2.0000
0.0547,0.0628,10.1338,5.0000
0.0643,0.0547,9.9386,4.0000
0.0547,0.0469,9.8967,4.0000
0.0643,0.0444,10.0131,4.0000
0.0173,0.0248,10.4474,5.0000
0.0683,0.0460,9.9205,4.0000
0.0683,0.0634,9.7996,4.0000
0.0929,0.0636,10.3442,3.0000
0.0269,0.1118,8.8243,4.0000
0.0195,0.0573,9.8944,3.0000
0.0159,0.0343,11.1209,3.0000
0.0929,0.1026,10.5829,2.0000
0.2639,0.0780,9.5619,5.0000
0.0685,0.1002,10.3722,5.0000
0.0365,0.0744,10.6181,2.0000
0.0892,0.0745,9.4511,8.0000
0.0191,0.0356,11.2125,3.0000
0.0308,0.0568,9.4914,4.0000
0.0167,0.0332,10.4740,5.0000
0.0861,0.0542,9.7379,4.0000
0.0308,0.0479,10.1014,5.0000
0.0406,0.0213,10.3376,5.0000
0.0308,0.0357,9.9352,4.0000
0.0308,0.0575,9.9910,4.0000
0.0409,0.0326,10.1896,4.0000
0.0409,0.0210,9.9901,4.0000
0.0369,0.0354,9.5574,4.0000
0.0210,0.0326,10.4356,3.0000
0.0559,0.0185,10.0873,4.0000
0.0109,0.0443,9.9662,3.0000
0.0210,0.0109,10.2537,3.0000
0.0109,0.0115,9.4410,4.0000
0.0035,0.0447,10.6799,4.0000
0.0172,0.0480,10.5247,5.0000
0.0901,0.0302,10.3548,3.0000
0.0950,0.0251,10.5721,4.0000
0.0901,0.0589,10.0305,3.0000
0.1355,0.0748,9.7084,4.0000
0.1355,0.0504,9.1489,3.0000
0.0036,0.0454,9.8969,6.0000
0.0643,0.0173,10.0000,1.0000
0.0547,0.0783,10.4475,6.0000
0.0342,0.0536,9.9727,4.0000
0.0943,0.0479,10.1320,3.0000
0.0547,0.0687,9.4978,8.0000
0.0943,0.0465,10.5115,5.0000
0.0269,0.0487,9.1950,3.0000
0.0279,0.0601,9.9356,7.0000
0.0108,0.0413,10.4235,4.0000
0.0458,0.0374,10.0443,4.0000
0.0249,0.0579,8.8633,5.0000
0.0269,0.0502,10.5465,5.0000
0.0269,0.0512,10.5499,3.0000
0.0998,0.0538,8.5933,5.0000
0.0365,0.0472,10.3696,5.0000
0.0365,0.0356,10.8170,3.0000
0.0403,0.0513,10.7139,6.0000
0.0167,0.0167,10.6082,3.0000
0.0167,0.0203,8.6405,4.0000
0.0308,0.0397,10.4352,6.0000
0.0308,0.0179,9.9440,4.0000
0.0049,0.0268,10.2180,4.0000
0.0308,0.0496,10.1556,5.0000
0.1409,0.0488,10.3886,5.0000
0.0308,0.0632,9.2244,4.0000
0.0191,0.0372,10.3310,4.0000
0.0191,0.0723,9.9082,2.0000
0.0210,0.0392,9.9796,4.0000
0.0210,0.0535,10.6975,4.0000
0.0365,0.0319,8.3210,4.0000
0.0109,0.0165,9.9323,3.0000
0.0108,0.0108,10.5068,4.0000
0.0108,0.0366,8.9334,5.0000
0.0191,0.0191,10.0000,2.0000
0.0191,0.0520,10.2323,5.0000
0.1044,0.0423,10.2000,2.0000
0.0659,0.0331,10.0058,3.0000
0.0036,0.0546,9.8703,5.0000
0.0036,0.0406,10.3209,6.0000
0.0036,0.0082,10.2022,3.0000
0.0173,0.0486,9.6441,5.0000
0.0547,0.0384,10.0240,4.0000
0.0547,0.0547,10.0000,2.0000
0.0547,0.0663,10.1534,5.0000
0.0943,0.0686,10.1767,4.0000
0.0547,0.0943,10.1186,2.0000
0.0249,0.0481,10.6367,5.0000
0.0167,0.0087,9.0846,2.0000
0.0110,0.0503,9.9316,6.0000
0.0269,0.0549,9.1749,2.0000
0.1094,0.0372,10.3785,3.0000
0.0269,0.0422,10.0000,6.0000
0.0269,0.0336,10.0436,4.0000
0.0365,0.0460,10.4598,5.0000
0.0269,0.0311,10.0890,4.0000
0.0338,0.0437,9.5127,5.0000
0.0211,0.0553,9.6123,4.0000
0.0167,0.0443,10.2965,5.0000
0.0685,0.0315,7.7359,4.0000
0.0701,0.0480,10.0444,3.0000
0.0049,0.0342,10.7443,6.0000
0.0049,0.0164,9.8442,6.0000
0.0402,0.0542,10.4285,4.0000
0.1205,0.0757,9.3283,5.0000
0.0517,0.0595,9.5715,5.0000
0.0402,0.0487,10.5423,5.0000
0.1044,0.0413,9.3939,4.0000
0.0505,0.0994,9.0818,4.0000
0.1007,0.0368,10.2582,6.0000
0.0722,0.0540,9.8945,3.0000
0.0308,0.0916,9.0185,4.0000
0.0525,0.0344,10.3398,2.0000
0.0901,0.0434,9.5187,4.0000
0.0191,0.0191,10.1112,3.0000
0.0191,0.0197,10.0063,3.0000
0.0014,0.0739,8.8616,4.0000
0.0591,0.0629,9.8150,4.0000
0.0036,0.0147,10.3408,5.0000
0.0036,0.0055,10.1745,4.0000
0.0036,0.0199,10.3791,6.0000
0.0547,0.0179,10.2174,6.0000
0.0269,0.0575,9.8298,4.0000
0.0159,0.0318,10.2554,3.0000
0.0338,0.0512,9.0964,4.0000
0.0338,0.0384,10.5324,4.0000
0.0269,0.0585,10.3140,4.0000
0.1064,0.0334,8.9322,6.0000
0.0073,0.0568,10.5859,2.0000
0.0004,0.0019,10.2065,3.0000
0.0004,0.0442,10.3385,5.0000
0.0579,0.0437,9.7673,4.0000
0.0073,0.0388,10.4479,6.0000
0.0443,0.0355,10.0512,6.0000
0.0591,0.0337,10.0072,4.0000
0.0176,0.0350,10.3003,4.0000
0.0176,0.0375,10.9183,4.0000
0.0701,0.0308,9.4775,4.0000
0.0605,0.0311,9.7108,6.0000
0.0701,0.0898,10.5315,3.0000
0.1082,0.0722,9.9784,5.0000
0.0402,0.0290,10.2906,5.0000
0.0035,0.0258,9.8947,5.0000
0.0402,0.0033,10.0554,2.0000
0.0265,0.0188,10.5761,3.0000
0.0053,0.0818,9.6081,4.0000
0.0710,0.0621,10.6736,6.0000
0.0244,0.0860,9.4813,5.0000
0.1272,0.0298,10.6763,6.0000
0.0244,0.0957,9.6912,7.0000
0.0517,0.0332,9.9617,4.0000
0.0525,0.0519,10.0079,4.0000
0.0517,0.0343,9.7492,5.0000
0.0525,0.0346,10.3975,4.0000
0.0191,0.0367,9.6528,7.0000
0.0210,0.0218,10.0911,4.0000
0.0279,0.0360,10.0812,3.0000
0.0591,0.0449,9.8578,4.0000
0.0036,0.0314,10.2775,2.0000
0.0014,0.0790,10.1839,4.0000
0.0036,0.0207,9.9899,3.0000
0.0547,0.0302,10.1684,4.0000
0.0547,0.1028,10.1187,5.0000
0.1044,0.0547,9.9953,3.0000
0.0659,0.0531,10.6392,3.0000
0.0073,0.0402,10.4857,1.0000
0.0342,0.0188,10.1124,4.0000
0.0073,0.0554,10.3140,4.0000
0.0073,0.0054,10.4934,4.0000
0.0004,0.0437,10.1932,7.0000
0.1094,0.0653,9.6472,3.0000
0.0579,0.0836,10.2574,2.0000
0.0036,0.0268,8.8583,5.0000
0.0579,0.0281,10.0245,3.0000
0.0363,0.0546,9.8874,5.0000
0.0363,0.0215,10.1213,7.0000
0.0014,0.0142,10.2758,5.0000
0.0014,0.0265,10.4346,5.0000
0.0014,0.0651,10.4304,5.0000
0.1007,0.0529,9.9565,4.0000
0.0701,0.0564,9.5510,6.0000
0.0035,0.0408,10.4370,6.0000
0.0035,0.0035,10.4015,3.0000
0.0939,0.0634,9.7993,4.0000
0.0265,0.0680,9.4296,4.0000
0.0107,0.0789,9.5195,4.0000
0.1269,0.0141,10.7412,4.0000
0.0606,0.0834,9.6594,5.0000
0.0525,0.0703,9.3832,4.0000
0.0525,0.0337,10.1936,4.0000
0.0525,0.0482,10.0000,5.0000
0.0525,0.0683,9.8388,7.0000
0.0108,0.0355,10.3723,5.0000
0.0108,0.0386,10.0547,3.0000
0.0525,0.0135,10.2780,3.0000
0.0279,0.0561,10.1879,5.0000
0.0605,0.0506,9.9910,3.0000
0.0890,0.0521,9.4990,4.0000
0.0827,0.0729,10.3436,5.0000
0.0036,0.0021,9.9849,2.0000
0.0036,0.0039,10.0029,4.0000
0.0078,0.0194,10.0808,4.0000
0.0643,0.0725,10.3645,5.0000
0.0547,0.0835,9.8478,4.0000
0.1044,0.0450,9.8839,4.0000
0.0402,0.0757,9.8272,6.0000
0.0358,0.0124,10.1721,3.0000
0.0073,0.0201,10.1285,3.0000
0.0035,0.0672,9.4968,6.0000
0.0659,0.0690,10.1655,3.0000
0.1375,0.0673,9.6680,3.0000
0.0249,0.0680,9.4013,7.0000
0.0757,0.0854,9.9572,2.0000
0.0108,0.0445,10.1171,4.0000
0.0934,0.0384,10.3487,4.0000
0.0014,0.0619,10.1163,3.0000
0.0108,0.0191,10.0314,3.0000
0.0157,0.0492,10.3535,2.0000
0.1436,0.0696,9.6998,2.0000
0.0701,0.0876,8.8544,5.0000
0.0939,0.0594,10.5416,4.0000
0.0035,0.0276,9.4073,5.0000
0.0035,0.0128,10.3033,5.0000
0.0035,0.0041,10.2876,3.0000
0.1409,0.0147,10.1667,2.0000
0.1409,0.0460,10.4919,3.0000
0.0107,0.0538,10.2946,5.0000
0.1445,0.0556,9.8374,3.0000
0.0409,0.0421,10.3438,4.0000
0.0536,0.0316,9.8482,2.0000
0.0525,0.0530,10.0115,2.0000
0.0525,0.0403,9.9641,5.0000
0.0593,0.0364,9.7251,6.0000
0.0402,0.0689,9.9710,7.0000
0.0108,0.0461,10.0499,3.0000
0.0186,0.0186,10.0314,1.0000
0.0338,0.0272,10.0440,2.0000
0.0722,0.0345,10.2914,4.0000
0.0167,0.0015,10.0902,3.0000
0.0006,0.0054,10.0076,4.0000
0.0006,0.0014,10.0076,4.0000
0.0006,0.0068,10.2165,3.0000
0.0119,0.0236,9.7114,3.0000
0.0244,0.0442,8.7130,4.0000
0.0659,0.0651,10.5619,4.0000
0.0659,0.0466,10.0259,5.0000
0.0103,0.0340,9.9700,4.0000
0.0073,0.0278,10.7026,3.0000
0.0073,0.0098,8.5632,3.0000
0.0249,0.0257,10.4825,5.0000
0.0265,0.1382,9.7692,4.0000
0.1378,0.0729,9.5055,6.0000
0.0986,0.0912,9.9120,4.0000
0.0757,0.0419,10.2937,3.0000
0.0163,0.0311,10.1319,3.0000
0.0163,0.0051,10.0608,4.0000
0.0014,0.0095,9.9372,3.0000
0.0014,0.0326,9.9604,2.0000
0.0797,0.0627,9.9333,2.0000
0.0035,0.0727,9.6822,5.0000
0.0402,0.0564,10.2777,4.0000
0.0035,0.0108,10.4863,3.0000
0.0035,0.0051,10.6287,7.0000
0.0035,0.0387,9.1372,4.0000
0.0559,0.0388,10.0272,5.0000
0.0815,0.0933,9.8065,4.0000
0.0606,0.0776,10.2211,2.0000
0.0457,0.0786,9.4282,3.0000
0.0457,0.0457,10.4060,1.0000
0.0457,0.0613,10.6277,3.0000
0.0108,0.0270,10.8685,3.0000
0.0029,0.0283,9.8802,3.0000
0.0029,0.0507,10.5545,4.0000
0.0402,0.0588,10.0000,1.0000
0.0402,0.0402,9.9316,2.0000
0.0402,0.0794,10.1754,4.0000
0.0206,0.0517,10.2672,3.0000
0.0006,0.0087,10.0998,2.0000
0.0006,0.0282,10.2360,4.0000
0.0006,0.0240,10.1356,4.0000
0.0006,0.0041,10.2165,3.0000
0.0588,0.0377,10.1684,4.0000
0.0583,0.0317,9.7156,5.0000
0.0659,0.0535,10.8369,4.0000
0.0659,0.0659,9.8159,3.0000
0.0659,0.0578,9.9977,5.0000
0.0269,0.0520,9.8676,4.0000
0.0659,0.0138,10.3814,3.0000
0.0279,0.0504,10.2755,4.0000
0.0280,0.0566,10.4506,4.0000
0.1630,0.0733,9.5380,4.0000
0.0757,0.1207,10.3752,4.0000
0.0757,0.0652,10.4865,4.0000
0.0108,0.0349,10.0000,5.0000
0.0014,0.0098,9.9922,4.0000
0.0014,0.0262,10.0706,4.0000
0.0014,0.0014,9.9372,3.0000
0.0279,0.0494,9.5891,4.0000
0.0035,0.1090,8.5222,5.0000
0.1688,0.0035,11.1584,3.0000
0.0035,0.0616,9.3869,5.0000
0.0035,0.0292,10.4479,4.0000
0.0035,0.0543,9.2297,5.0000
0.0606,0.0035,10.6928,4.0000
0.0035,0.0584,9.8447,3.0000
0.0606,0.0606,10.0000,1.0000
0.1044,0.0572,10.2467,5.0000
0.0457,0.0340,10.2031,3.0000
0.0308,0.0344,10.0730,6.0000
0.0457,0.0332,9.9155,5.0000
0.0457,0.0604,10.1469,5.0000
0.0402,0.0472,10.0408,3.0000
0.0036,0.0171,9.8706,3.0000
0.0265,0.0205,10.0231,5.0000
0.0402,0.0311,10.6258,3.0000
0.0265,0.0305,8.8260,3.0000
0.0206,0.0221,11.1224,4.0000
0.0206,0.0990,8.8551,3.0000
0.1044,0.0827,10.0000,1.0000
0.0943,0.0303,9.8600,4.0000
0.0110,0.0642,9.7397,6.0000
0.0655,0.0807,9.9831,5.0000
0.0655,0.0655,9.9786,3.0000
0.0655,0.0544,9.7417,5.0000
0.0159,0.0407,10.3025,2.0000
0.0659,0.0573,9.9790,5.0000
0.0659,0.0633,9.6878,3.0000
0.0035,0.0192,10.6727,5.0000
0.0032,0.0204,9.8925,3.0000
0.0279,0.0756,9.4406,4.0000
0.1630,0.0757,9.8922,4.0000
0.1064,0.0895,9.6538,5.0000
0.0757,0.0671,9.8548,4.0000
0.0108,0.0347,10.5513,4.0000
0.0108,0.0077,10.0000,3.0000
0.0108,0.0125,9.9623,4.0000
0.0014,0.0107,10.0942,4.0000
0.0108,0.0184,9.7154,3.0000
0.1688,0.0150,10.8159,5.0000
0.0244,0.1140,10.1283,4.0000
0.0797,0.0294,10.2253,3.0000
0.0797,0.0473,10.0297,5.0000
0.0458,0.0675,10.3509,2.0000
0.0035,0.0576,9.7481,3.0000
0.0548,0.0420,10.0386,4.0000
0.0606,0.0356,9.9617,2.0000
0.0606,0.0581,9.9005,3.0000
0.0308,0.0287,9.8827,4.0000
0.0308,0.0265,10.5226,6.0000
0.0035,0.0301,10.7645,4.0000
0.0265,0.0223,9.9729,5.0000
0.0265,0.0265,10.1820,4.0000
0.0265,0.0113,10.4044,3.0000
0.0265,0.0354,10.4591,6.0000
0.0265,0.0302,9.7559,4.0000
0.0036,0.0193,10.5038,3.0000
0.0206,0.0394,8.7488,4.0000
0.1064,0.0546,10.3862,5.0000
0.0191,0.0875,10.4306,6.0000
0.0655,0.0579,10.3800,5.0000
0.0655,0.0575,9.9732,5.0000
0.0035,0.0568,10.6661,5.0000
0.0655,0.0504,10.1471,3.0000
0.0588,0.0609,9.7164,5.0000
0.0961,0.0775,10.0048,2.0000
0.0961,0.0872,9.6459,6.0000
0.0971,0.0735,10.2164,4.0000
0.0659,0.0971,9.6109,2.0000
0.0971,0.0582,10.3106,2.0000
0.0971,0.0357,10.0381,2.0000
0.0036,0.0127,9.7036,4.0000
0.0032,0.0134,10.0132,4.0000
0.0757,0.0581,9.8248,3.0000
0.0265,0.0331,10.1941,4.0000
0.0108,0.0108,10.0000,3.0000
0.0108,0.0096,10.0000,4.0000
0.0062,0.0297,10.1525,5.0000
0.0108,0.0488,9.2905,5.0000
0.0605,0.0471,10.4918,3.0000
0.0701,0.0552,9.8023,2.0000
0.0500,0.0593,10.5300,4.0000
0.0797,0.0690,8.3297,6.0000
0.1044,0.0744,8.9874,7.0000
0.0548,0.0548,10.0000,2.0000
0.0548,0.0228,10.0000,3.0000
0.0107,0.0577,9.8307,6.0000
0.0569,0.0639,10.1383,5.0000
0.1078,0.1031,10.2527,4.0000
0.0320,0.0809,9.3461,5.0000
0.0173,0.0191,7.9035,4.0000
0.0035,0.0245,10.7864,6.0000
0.0265,0.0266,9.7305,5.0000
0.0547,0.0621,10.5404,5.0000
0.0265,0.0624,10.3032,5.0000
0.0505,0.0505,10.1399,5.0000
0.0871,0.0523,9.8998,2.0000
0.0588,0.0480,10.1187,7.0000
0.0296,0.0401,10.8165,3.0000
0.0655,0.0646,10.2956,3.0000
0.0655,0.0566,9.7937,4.0000
0.0655,0.0795,9.8308,5.0000
0.0606,0.0322,10.3030,5.0000
0.0269,0.0607,10.0000,3.0000
0.0588,0.0588,10.0979,3.0000
0.0211,0.0254,10.0105,5.0000
0.0588,0.0653,10.2349,4.0000
0.0659,0.0843,10.0896,3.0000
0.0036,0.0508,10.2389,4.0000
0.0505,0.0677,10.0000,3.0000
0.2025,0.0672,9.2811,4.0000
0.1713,0.1160,10.0100,2.0000
0.1432,0.0864,9.6264,2.0000
0.0369,0.0301,10.1337,3.0000
0.0244,0.0247,9.9477,5.0000
0.0108,0.0186,10.4792,5.0000
0.0108,0.0301,10.0000,4.0000
0.0710,0.0296,10.1991,5.0000
0.0605,0.0507,9.9895,4.0000
0.0605,0.0605,9.8345,3.0000
0.0014,0.0310,10.4329,3.0000
0.0797,0.1057,9.6768,4.0000
0.0929,0.1343,11.1909,4.0000
0.0929,0.1030,10.0000,3.0000
0.0548,0.0228,10.3082,3.0000
0.0029,0.0444,10.4845,4.0000
0.0548,0.0533,10.6254,6.0000
0.1648,0.0664,9.8097,5.0000
0.1078,0.0772,10.0105,5.0000
0.0267,0.0734,9.1231,5.0000
0.1007,0.0713,10.4056,5.0000
0.0022,0.0407,9.3743,3.0000
0.0108,0.0556,10.0408,7.0000
0.1089,0.0719,10.4134,2.0000
0.1352,0.0258,10.3534,4.0000
0.1059,0.0849,9.3650,4.0000
0.0569,0.0574,9.9175,6.0000
0.0547,0.0295,9.9239,3.0000
0.0296,0.0445,10.0549,3.0000
0.0986,0.0310,10.0858,5.0000
0.0296,0.0482,10.1756,5.0000
0.0296,0.0296,10.1626,3.0000
0.0296,0.0523,9.9028,3.0000
0.0588,0.0469,9.9631,4.0000
0.0588,0.0457,10.0000,3.0000
0.0939,0.0695,9.5560,3.0000
0.0588,0.0588,9.9474,3.0000
0.0971,0.0815,9.8084,2.0000
0.0971,0.0971,9.9278,2.0000
0.0269,0.0865,10.3462,4.0000
0.1713,0.0578,9.2779,2.0000
0.0887,0.0912,9.2196,6.0000
0.0244,0.0446,10.9701,4.0000
0.0244,0.0235,9.9738,4.0000
0.0270,0.0202,10.0131,3.0000
0.0108,0.0388,10.0322,5.0000
0.0105,0.0206,8.2781,3.0000
0.0110,0.0423,10.1638,4.0000
0.0605,0.0481,9.7530,4.0000
0.0605,0.0357,9.7530,4.0000
0.0110,0.0391,10.5234,3.0000
0.0458,0.0575,9.3889,4.0000
0.2716,0.0929,8.2137,3.0000
0.0929,0.1109,10.0159,4.0000
0.0133,0.0451,11.0526,5.0000
0.0133,0.0799,8.0530,4.0000
0.0029,0.0346,10.4871,3.0000
0.0358,0.0632,9.9175,5.0000
0.1078,0.0680,10.5510,6.0000
0.1078,0.0783,9.9690,6.0000
0.0244,0.0800,9.4831,4.0000
0.1078,0.0452,10.8194,3.0000
0.1089,0.0865,9.3189,3.0000
0.0547,0.0680,8.7642,3.0000
0.0173,0.0314,9.4470,4.0000
0.0500,0.0877,10.0157,3.0000
0.0569,0.0423,10.0158,4.0000
0.0053,0.0528,10.4998,5.0000
0.0053,0.0220,10.3148,4.0000
0.0265,0.0437,9.4294,5.0000
0.0296,0.0360,10.1952,4.0000
0.0296,0.0426,10.1700,3.0000
0.0685,0.0410,9.9611,5.0000
0.0588,0.0375,10.0000,4.0000
0.0195,0.0595,9.7629,4.0000
0.0616,0.0646,10.3956,4.0000
0.0588,0.0597,9.9572,3.0000
0.0279,0.0256,10.2890,4.0000
0.0269,0.1252,9.4700,3.0000
0.1265,0.0360,10.6281,5.0000
0.0036,0.0785,10.3109,5.0000
0.0279,0.0367,10.6786,4.0000
0.0279,0.0279,10.1832,5.0000
0.0157,0.0312,10.0173,3.0000
0.0191,0.0271,10.2945,4.0000
0.0809,0.0166,10.1439,3.0000
0.0929,0.0727,9.8903,5.0000
0.0110,0.0567,10.0000,3.0000
0.0605,0.0357,10.1647,2.0000
0.0110,0.0440,10.1647,3.0000
0.0110,0.0110,10.3111,3.0000
0.0110,0.0481,9.7505,3.0000
0.1332,0.0677,9.9695,5.0000
0.0073,0.0614,9.7672,4.0000
0.1332,0.1457,10.1283,3.0000
0.3006,0.1621,8.9298,4.0000
0.2015,0.0845,11.2054,6.0000
0.0402,0.1150,9.2031,3.0000
0.0073,0.0834,8.8219,4.0000
0.1916,0.0408,10.9495,3.0000
0.0035,0.0486,10.3994,5.0000
0.0548,0.0374,9.8673,5.0000
0.1408,0.1037,10.3216,4.0000
0.0827,0.0899,9.5267,3.0000
0.0525,0.0886,10.1866,4.0000
0.0569,0.0715,10.0238,2.0000
0.0211,0.0547,9.5916,6.0000
0.0643,0.0523,9.7439,3.0000
0.0265,0.0323,9.7185,4.0000
0.0583,0.0371,9.9002,3.0000
0.0583,0.0433,9.9889,5.0000
0.0269,0.0540,9.7911,7.0000
0.0685,0.0507,10.7299,6.0000
0.0032,0.0627,9.9363,5.0000
0.0588,0.0187,10.4167,4.0000
0.1113,0.0408,9.7997,3.0000
0.0588,0.0756,9.7208,5.0000
0.0934,0.0583,10.0112,3.0000
0.1427,0.0445,10.1073,3.0000
0.0296,0.0691,9.3161,4.0000
0.1187,0.0679,10.2962,4.0000
0.0267,0.0325,10.1885,4.0000
0.0279,0.0195,9.9849,1.0000
0.0500,0.0523,10.0252,5.0000
0.0500,0.0325,9.7810,4.0000
0.0110,0.0399,10.3292,5.0000
0.0210,0.0814,10.0104,5.0000
0.0547,0.0339,10.3126,4.0000
0.0110,0.0388,10.1775,3.0000
0.1103,0.0535,10.2047,3.0000
0.1713,0.0727,11.2293,4.0000
0.0505,0.0073,9.5459,2.0000
0.0036,0.0516,10.0848,4.0000
0.0547,0.0372,10.3265,3.0000
0.0036,0.0164,10.0000,4.0000
0.3006,0.1453,8.9513,3.0000
0.0402,0.1835,9.2032,6.0000
0.1916,0.0839,10.0000,4.0000
0.0073,0.0365,11.2286,3.0000
0.0073,0.0575,10.0000,5.0000
0.0035,0.1051,9.8821,3.0000
0.0765,0.1173,10.0000,2.0000
0.1408,0.0772,10.0200,5.0000
0.0765,0.1292,9.5269,5.0000
0.1408,0.0451,10.4369,4.0000
0.0722,0.0558,10.2433,3.0000
0.0108,0.0549,10.0114,3.0000
0.0108,0.0316,10.6876,6.0000
0.0108,0.0187,9.6513,2.0000
0.0159,0.0782,9.8770,2.0000
0.0157,0.0386,10.1733,4.0000
0.0819,0.0752,10.0920,2.0000
0.0685,0.0516,8.1031,4.0000
0.0685,0.0646,10.6448,5.0000
0.0120,0.0247,10.1310,3.0000
0.0110,0.0704,10.0075,6.0000
0.0934,0.0417,10.0013,4.0000
0.0458,0.0684,9.9037,5.0000
0.0934,0.0656,9.9283,6.0000
0.0934,0.0542,9.8338,4.0000
0.0032,0.0333,9.6994,3.0000
0.0032,0.0427,10.8901,5.0000
0.0357,0.0218,8.0827,3.0000
0.0357,0.0404,10.6031,3.0000
0.0049,0.0538,10.1450,3.0000
0.0985,0.0309,10.6742,4.0000
0.1432,0.0388,9.5758,3.0000
0.0924,0.0712,9.8430,5.0000
0.0110,0.0399,9.9133,4.0000
0.0547,0.0110,10.0959,1.0000
0.0659,0.0863,10.2780,6.0000
0.0950,0.0748,10.1112,4.0000
0.0505,0.0499,10.1199,4.0000
0.0505,0.0480,10.2058,5.0000
0.0036,0.0369,10.3045,3.0000
0.0950,0.1233,10.2855,5.0000
0.1916,0.0813,10.4828,4.0000
0.0950,0.1080,8.9715,5.0000